Tempo,Valor
0.0,54.88135039273247
0.5,71.51893663724195
1.0,60.276337607164386
1.5,54.48831829968969
2.0,42.36547993389047
2.5,64.58941130666561
3.0,43.75872112626925
3.5,89.17730007820798
4.0,96.36627605010293
4.5,38.34415188257777
5.0,79.17250380826646
5.5,52.88949197529045
6.0,56.80445610939323
6.5,92.5596638292661
7.0,7.103605819788694
7.5,8.712929970154072
8.0,2.021839744032572
8.5,83.2619845547938
9.0,77.81567509498505
9.5,87.00121482468191
